[
  {
    "src": "https://i.ytimg.com/vi/pLqipJNItIo/hqdefault.jpg?sqp=-oaymwEYCNIBEHZIVfKriqkDCwgBFQAAiEIYAXAB&rs=AOn4CLBkklsyaw9FxDmMKapyBYCn9tbPNQ",
    "title": "Lora",
    "channel": "Lorem ipsum dolor sit amet, consectetur adipiscing elit, sed do eiusmod tempor incididunt ut labore et dolore magna aliqua. Ut enim ad minim veniam, quis nostrud exercitation ullamco laboris nisi ut aliquip ex ea commodo consequat. Duis aute irure dolor in reprehenderit in voluptate velit esse cillum dolore eu fugiat nulla pariatur. Excepteur sint occaecat cupidatat non proident, sunt in culpa qui officia deserunt mollit anim id est laborum.",
    "createdAt": "a week ago"
  },
  {
    "src": "https://i.ytimg.com/vi/pLqipJNItIo/hqdefault.jpg?sqp=-oaymwEYCNIBEHZIVfKriqkDCwgBFQAAiEIYAXAB&rs=AOn4CLBkklsyaw9FxDmMKapyBYCn9tbPNQ",
    "title": "Don Diablo @ Tomorrowland Main Stage 2019 | Official…",
    "channel": "Lorem ipsum dolor sit amet, consectetur adipiscing elit, sed do eiusmod tempor incididunt ut labore et dolore magna aliqua. Ut enim ad minim veniam, quis nostrud exercitation ullamco laboris nisi ut aliquip ex ea commodo consequat. Duis aute irure dolor in reprehenderit in voluptate velit esse cillum dolore eu fugiat nulla pariatur. Excepteur sint occaecat cupidatat non proident, sunt in culpa qui officia deserunt mollit anim id est laborum.",
    "createdAt": "a week ago"
  },
  {
    "src": "https://i.ytimg.com/vi/_Uu12zY01ts/hqdefault.jpg?sqp=-oaymwEZCPYBEIoBSFXyq4qpAwsIARUAAIhCGAFwAQ==&rs=AOn4CLCpX6Jan2rxrCAZxJYDXppTP4MoQA",
    "title": "Queen - Greatest Hits",
    "channel": "Queen Official",
    "createdAt": "3 years ago"
  },
  {
    "src": "https://i.ytimg.com/vi/kkLk2XWMBf8/hqdefault.jpg?sqp=-oaymwEYCNIBEHZIVfKriqkDCwgBFQAAiEIYAXAB&rs=AOn4CLB4GZTFu1Ju2EPPPXnhMZtFVvYBaw",
    "title": "Calvin Harris, Sam Smith - Promises (Official Video)",
    "channel": "Calvin Harris",
    "createdAt": "10 months ago"
  },
   {
    "src": "https://i.ytimg.com/vi/pLqipJNItIo/hqdefault.jpg?sqp=-oaymwEYCNIBEHZIVfKriqkDCwgBFQAAiEIYAXAB&rs=AOn4CLBkklsyaw9FxDmMKapyBYCn9tbPNQ",
    "title": "Don Diablo @ Tomorrowland Main Stage 2019 | Official…",
    "channel": "Lorem ipsum dolor sit amet, consectetur adipiscing elit, sed do eiusmod tempor incididunt ut labore et dolore magna aliqua. Ut enim ad minim veniam, quis nostrud exercitation ullamco laboris nisi ut aliquip ex ea commodo consequat. Duis aute irure dolor in reprehenderit in voluptate velit esse cillum dolore eu fugiat nulla pariatur. Excepteur sint occaecat cupidatat non proident, sunt in culpa qui officia deserunt mollit anim id est laborum.",
    "createdAt": "a week ago"
  },
  {
    "src": "https://i.ytimg.com/vi/_Uu12zY01ts/hqdefault.jpg?sqp=-oaymwEZCPYBEIoBSFXyq4qpAwsIARUAAIhCGAFwAQ==&rs=AOn4CLCpX6Jan2rxrCAZxJYDXppTP4MoQA",
    "title": "Queen - Greatest Hits",
    "channel": "Queen Official",
    "createdAt": "3 years ago"
  },
  {
    "src": "https://i.ytimg.com/vi/kkLk2XWMBf8/hqdefault.jpg?sqp=-oaymwEYCNIBEHZIVfKriqkDCwgBFQAAiEIYAXAB&rs=AOn4CLB4GZTFu1Ju2EPPPXnhMZtFVvYBaw",
    "title": "Calvin Harris, Sam Smith - Promises (Official Video)",
    "channel": "Calvin Harris",
    "createdAt": "10 months ago"
  },
   {
    "src": "https://i.ytimg.com/vi/pLqipJNItIo/hqdefault.jpg?sqp=-oaymwEYCNIBEHZIVfKriqkDCwgBFQAAiEIYAXAB&rs=AOn4CLBkklsyaw9FxDmMKapyBYCn9tbPNQ",
    "title": "Don Diablo @ Tomorrowland Main Stage 2019 | Official…",
    "channel": "Lorem ipsum dolor sit amet, consectetur adipiscing elit, sed do eiusmod tempor incididunt ut labore et dolore magna aliqua. Ut enim ad minim veniam, quis nostrud exercitation ullamco laboris nisi ut aliquip ex ea commodo consequat. Duis aute irure dolor in reprehenderit in voluptate velit esse cillum dolore eu fugiat nulla pariatur. Excepteur sint occaecat cupidatat non proident, sunt in culpa qui officia deserunt mollit anim id est laborum.",
    "createdAt": "a week ago"
  },
  {
    "src": "https://i.ytimg.com/vi/_Uu12zY01ts/hqdefault.jpg?sqp=-oaymwEZCPYBEIoBSFXyq4qpAwsIARUAAIhCGAFwAQ==&rs=AOn4CLCpX6Jan2rxrCAZxJYDXppTP4MoQA",
    "title": "Queen - Greatest Hits",
    "channel": "Queen Official",
    "createdAt": "3 years ago"
  },
  {
    "src": "https://i.ytimg.com/vi/kkLk2XWMBf8/hqdefault.jpg?sqp=-oaymwEYCNIBEHZIVfKriqkDCwgBFQAAiEIYAXAB&rs=AOn4CLB4GZTFu1Ju2EPPPXnhMZtFVvYBaw",
    "title": "Calvin Harris, Sam Smith - Promises (Official Video)",
    "channel": "Calvin Harris",
    "createdAt": "10 months ago"
  },
  {
    "src": "https://i.ytimg.com/vi/kkLk2XWMBf8/hqdefault.jpg?sqp=-oaymwEYCNIBEHZIVfKriqkDCwgBFQAAiEIYAXAB&rs=AOn4CLB4GZTFu1Ju2EPPPXnhMZtFVvYBaw",
    "title": "Calvin Harris, Sam Smith - Promises (Official Video)",
    "channel": "Calvin Harris",
    "createdAt": "10 months ago"
  }
]
